Code_commune;Code_departement;Code_postal;Commune;Total_population
103;1;1170;CHEVRY;2196
4;6;6160;ANTIBES;74523
88;6;6000;NICE;345528
14;1;1100;ARBENT;3442
43;8;8200;BALAN;2615
30;1;1480;BEAUREGARD;844
31;1;1100;BELLIGNAT;3886
34;1;1300;BELLEY;9582
62;83;83130;LA GARDE;122
71;1;1170;CESSY;4925
79;1;1260;CHAMPAGNE-EN-VALROMEY;842
262;1;1120;MONTLUEL;6969
408;2;2000;LAON;24970
190;3;3000;MOULINS;79
73;4;4400;ENCHASTRAYES;400
166;4;4500;RIEZ;1765
209;4;4200;SISTERON;7834
159;6;6230;VILLEFRANCHE-SUR-MER;5068
109;1;1550;COLLONGES;2272
135;1;1170;CROZET;2235
138;1;1350;CULOZ;3068
142;1;1120;DAGNEUX;4834
143;1;1220;DIVONNE-LES-BAINS;10190
148;1;1590;DORTAN;1925
153;1;1170;ECHENEVEX;2189
158;1;1550;FARGES;1065
160;1;1210;FERNEY-VOLTAIRE;10189
173;1;1170;GEX;13391
185;1;1110;PLATEAU D'HAUTEVILLE;5020
192;1;1580;IZERNORE;2338
194;1;1480;JASSANS-RIOTTIER;6439
199;1;1640;JUJURIEUX;2183
202;1;1150;LAGNIEU;7308
204;1;1130;LE POIZAT-LALLEYRIAT;750
224;1;1360;LOYETTES;3256
240;1;1580;MATAFELON-GRANGES;643
244;1;1800;MEXIMIEUX;8062
247;1;1410;MIJOUX;326
248;1;1390;MIONNAY;2251
258;1;1090;MONTCEAUX;1222
70;4;4000;DIGNE-LES-BAINS;17404
29;6;6400;CANNES;75347
79;6;6210;MANDELIEU-LA-NAPOULE;22281
83;6;6500;MENTON;30981
269;1;1130;NANTUA;3589
281;1;1210;ORNEX;4653
283;1;1100;OYONNAX;22935
345;1;1500;SAINT-DENIS-EN-BUGEY;2300
350;1;1370;SAINT-ETIENNE-DU-BOIS;2582
363;1;1640;SAINT-JEAN-LE-VIEUX;1842
390;1;1150;SAINT-VULBAS;1267
12;6;6240;BEAUSOLEIL;13488
33;6;6510;CARROS;12686
299;42;42600;SAVIGNEUX;1438
92;6;6440;PEILLON;1478
19;7;7200;AUBENAS;13255
401;1;1630;SERGY;2238
304;7;7150;SALAVAS;716
521;54;54880;THIL;1114
616;78;78770;THOIRY;6197
435;1;1210;VERSONNEX;2226
436;1;1170;VESANCY;492
443;1;1330;VILLARS-LES-DOMBES;5073
242;4;4180;VILLENEUVE;1585
450;1;1800;VILLIEU-LOYES-MOLLON;3784
30;6;6110;LE CANNET;42246
155;6;6220;VALLAURIS;27543
161;6;6270;VILLENEUVE-LOUBET;16521
7;92;92220;BAGNEUX;66
157;60;60600;CLERMONT;115
64;2;2200;BELLEU;3885
466;78;78630;ORGEVAL;61
65;81;81100;CASTRES;258
77;77;77910;CHAMBRY;859
173;2;2300;CHAUNY;12072
722;2;2200;SOISSONS;29363
84;6;6370;MOUANS-SARTOUX;10169
226;2;2200;COURMELLES;1893
126;4;4140;MONTCLAR;421
318;2;2670;FOLEMBRAY;1399
153;6;6420;VALDEBLORE;1120
75;82;82170;GRISOLLES;242
73;6;6420;ISOLA;665
85;6;6250;MOUGINS;20421
331;7;7600;VALS-LES-BAINS;3595
205;4;4140;SEYNE;1406
54;6;6340;DRAP;5157
126;6;6670;SAINT-MARTIN-DU-VAR;3114
136;6;6380;SOSPEL;3890
126;69;69480;MARCY;169
195;40;40500;MONTGAILLARD;1515
46;5;5200;EMBRUN;6713
84;5;5230;MONTGARDIN;463
10;7;7100;ANNONAY;16920
432;60;60128;MORTEFONTAINE;233
48;6;6390;CONTES;7518
157;6;6140;VENCE;19242
409;8;8200;SEDAN;16429
6;4;4260;ALLOS;832
19;4;4400;BARCELONNETTE;2762
39;4;4120;CASTELLANE;1509
153;5;5260;SAINT-MICHEL-DE-CHAILLOL;365
69;6;6130;GRASSE;49792
362;8;8300;RETHEL;7764
420;77;77230;SAINT-MARD;117
341;16;16470;SAINT-MICHEL;3371
96;4;4850;JAUSIERS;1158
738;2;2700;TERGNIER;13788
177;5;5560;VARS;537
18;6;6410;BIOT;10019
755;2;2000;URCEL;599
758;2;2370;VAILLY-SUR-AISNE;2049
59;6;6360;EZE;2316
102;7;7500;GUILHERAND-GRANGES;10977
186;7;7000;PRIVAS;8747
574;95;95390;SAINT-PRIX;826
226;4;4400;UVERNET-FOURS;608
158;6;6710;VILLARS-SUR-VAR;779
95;3;3300;CUSSET;12955
290;69;69800;SAINT-PRIEST;1324
86;4;4400;FAUCON-DE-BARCELONNETTE;320
203;4;4140;SELONNET;484
71;6;6470;GUILLAUMES;607
363;77;77181;LE PIN;432
90;8;8110;CARIGNAN;2923
190;8;8600;GIVET;6624
493;64;64120;SAINT-PALAIS;164
62;78;78650;BEYNES;131
88;4;4300;FORCALQUIER;5209
91;6;6440;PEILLE;2388
121;6;6230;SAINT-JEAN-CAP-FERRAT;1500
308;7;7370;SARRAS;2263
310;3;3200;VICHY;25302
266;77;77133;MACHAULT;526
321;3;3400;YZEURE;13355
150;6;6320;LA TURBIE;3036
35;83;83330;LE CASTELLET;305
245;4;4130;VOLX;3281
132;6;6540;SAORGE;468
69;4;4120;DEMANDOLX;138
145;4;4200;PEIPIN;1485
101;5;5340;VALLOUISE-PELVOUX;1194
14;6;6390;BENDEJUN;953
75;6;6670;LEVENS;4807
282;9;9700;SAVERDUN;4986
112;4;4100;MANOSQUE;23197
139;4;4200;NOYERS-SUR-JABRON;532
30;73;73230;BARBY;420
143;4;4700;ORAISON;5941
151;4;4300;PIERRERUE;533
156;5;5200;SAINT-SAUVEUR;527
46;6;6670;COLOMARS;3523
178;4;4230;SAINT-ETIENNE-LES-ORGUES;1354
197;4;4220;SAINTE-TULLE;3520
4;30;30670;AIGUES-VIVES;665
230;4;4210;VALENSOLE;3235
244;4;4290;VOLONNE;1678
4;5;5260;ANCELLE;932
163;6;6430;TENDE;2215
6;6;6790;ASPREMONT;374
302;42;42290;SORBIERS;36
122;9;9000;FOIX;9818
40;5;5230;CHORGES;3141
128;6;6570;SAINT-PAUL-DE-VENCE;3322
162;6;6430;LA BRIGUE;706
27;34;34160;BEAULIEU;526
61;5;5000;GAP;42176
65;5;5600;GUILLESTRE;2397
72;5;5500;LAYE;250
131;7;7200;LANAS;494
385;8;8090;SAINT-LAURENT;1242
98;5;5200;LES ORRES;556
434;39;39800;POLIGNY;339
681;27;27200;VERNON;232
119;5;5600;RISOUL;673
87;13;13790;ROUSSET;188
132;5;5500;SAINT-BONNET-EN-CHAMPSAUR;2138
133;5;5330;SAINT-CHAFFREY;1576
189;69;69560;SAINTE-COLOMBE;51
66;6;6830;GILETTE;1610
164;5;5160;SAVINES-LE-LAC;1118
166;5;5700;SERRES;1312
201;7;7120;RUOMS;2305
179;5;5400;VEYNES;3360
117;13;13127;VITROLLES;217
3;6;6750;ANDON;653
10;6;6620;LE BAR-SUR-LOUP;2984
15;6;6390;BERRE-LES-ALPES;1261
16;6;6470;BEUIL;555
19;6;6440;BLAUSASC;1676
164;80;80450;CAMON;148
23;6;6540;BREIL-SUR-ROYA;2189
25;6;6510;LE BROC;1421
31;6;6340;CANTARON;1311
35;6;6500;CASTELLAR;1135
36;6;6500;CASTILLON;404
42;6;6420;CLANS;677
60;6;6950;FALICON;2028
65;6;6610;LA GAUDE;7115
67;6;6500;GORBIO;1506
74;6;6450;LANTOSQUE;1251
86;6;6380;MOULINET;253
95;6;6530;PEYMEINADE;8379
102;6;6420;RIMPLAS;96
130;6;6460;SAINT-VALLIER-DE-THIEY;3758
141;6;6830;TOUDON;348
284;74;74250;LA TOUR;557
151;6;6450;UTELLE;868
152;6;6560;VALBONNE;14040
296;7;7200;SAINT-SERNIN;1796
265;9;9100;SAINT-JEAN-DU-FALGA;2922
245;7;7300;SAINT-JEAN-DE-MUZOLS;2577
240;7;7800;SAINT-GEORGES-LES-BAINS;2450
279;7;7220;SAINT-MONTAN;1940
346;7;7220;VIVIERS;3755
176;9;9250;LUZENAC;530
53;8;8140;BAZEILLES;2642
73;71;71150;CHAGNY;188
221;71;71640;GIVRY;277
32;9;9110;AX-LES-THERMES;1354
194;9;9500;MIREPOIX;3226
160;9;9300;LAVELANET;6196
225;9;9100;PAMIERS;16137
105;9;9350;DAUMAZAN-SUR-ARIZE;719
322;9;9140;USTOU;282
545;55;55100;VERDUN;225
123;10;10500;DIENVILLE;889
169;38;38600;FONTAINE;258
458;91;91620;NOZAY;154
387;10;10000;TROYES;63087
40;62;62510;ARQUES;265
24;11;11100;BAGES;799
48;11;11200;BOUTENAC;743
69;11;11000;CARCASSONNE;48116
76;11;11400;CASTELNAUDARY;12694
67;34;34190;CAZILHAC;1702
106;11;11110;COURSAN;5921
144;11;11510;FITOU;1081
170;11;11430;GRUISSAN;5167
199;11;11290;LAVALETTE;1539
202;11;11370;LEUCATE;4670
206;11;11300;LIMOUX;10521
258;11;11120;MOUSSAN;2078
262;11;11100;NARBONNE;56700
266;11;11210;PORT-LA-NOUVELLE;5863
281;11;11150;PEXIORA;1249
66;93;93200;SAINT-DENIS;516
379;11;11130;SIGEAN;5629
198;48;48800;VILLEFORT;86
78;93;93420;VILLEPINTE;1301
441;11;11110;VINASSAN;2711
241;63;63114;MONTPEYROUX;545
2;13;13190;ALLAUCH;21597
4;13;13200;ARLES;51243
5;13;13400;AUBAGNE;47986
7;13;13390;AURIOL;13084
16;13;13720;LA BOUILLADISSE;6353
22;13;13260;CASSIS;7013
28;13;13600;LA CIOTAT;36374
31;13;13112;LA DESTROUSSE;3812
36;13;13630;EYRAGUES;4624
43;13;13180;GIGNAC-LA-NERTHE;9977
45;13;13690;GRAVESON;4929
54;13;13700;MARIGNANE;32612
63;13;13140;MIRAMAS;26828
73;13;13124;PEYPIN;5676
86;13;13360;ROQUEVAIRE;8837
103;13;13300;SALON-DE-PROVENCE;45970
119;13;13470;CARNOUX-EN-PROVENCE;6582
16;91;91670;ANGERVILLE;193
59;14;14910;BENERVILLE-SUR-MER;446
79;14;14910;BLONVILLE-SUR-MER;1588
118;14;14000;CAEN;108404
220;14;14800;DEAUVILLE;3625
225;14;14160;DIVES-SUR-MER;5445
243;14;14600;EQUEMAUVILLE;1593
312;14;14450;GRANDCAMP-MAISY;1560
333;14;14600;HONFLEUR;6933
338;14;14510;HOULGATE;1748
366;14;14100;LISIEUX;20692
128;41;41330;MAROLLES;766
557;14;14800;SAINT-ARNOULT;1144
281;40;40280;SAINT-PIERRE-DU-MONT;81
699;14;14800;TOUQUES;3798
715;14;14360;TROUVILLE-SUR-MER;4692
754;14;14640;VILLERS-SUR-MER;2601
275;19;19200;USSEL;483
40;38;38142;BESSE;133
111;38;38640;CLAIX;1070
374;64;64230;MAZEROLLES;300
291;16;16600;RUELLE-SUR-TOUVRE;7505
374;16;16800;SOYAUX;10073
362;26;26000;VALENCE;195
14;95;95580;ANDILLY;2305
10;17;17690;ANGOULINS;4151
34;17;17120;BARZAN;470
105;91;91650;BREUILLET;3073
109;17;17220;CLAVETTE;1458
142;17;17139;DOMPIERRE-SUR-MER;5781
167;33;33270;FLOIRAC;426
168;17;17450;FOURAS;4009
187;38;38450;LE GUA;2132
200;17;17140;LAGORD;7253
207;17;17111;LOIX;751
218;17;17230;MARANS;4569
230;17;17132;MESCHERS-SUR-GIRONDE;3195
291;17;17138;PUILBOREAU;6680
299;17;17300;ROCHEFORT;24266
300;17;17000;LA ROCHELLE;79333
333;17;17110;SAINT-GEORGES-DE-DIDONNE;5458
414;17;17138;SAINT-XANDRE;5254
415;17;17100;SAINTES;26694
421;17;17600;SAUJON;7297
5;18;18500;ALLOUIS;1089
33;18;18000;BOURGES;66606
46;69;69390;CHARLY;249
121;52;52000;CHAUMONT;52
157;18;18570;MORTHOMIERS;787
104;83;83560;RIANS;990
197;18;18200;SAINT-AMAND-MONTROND;9770
207;18;18400;SAINT-FLORENT-SUR-CHER;6543
254;29;29600;SAINT-MARTIN-DES-CHAMPS;306
279;18;18100;VIERZON;25986
123;19;19360;MALEMORT;8149
462;60;60430;NOAILLES;953
347;88;88270;PIERREFITTE;93
171;66;66750;SAINT-CYPRIEN;385
415;974;97460;SAINT-PAUL;240
243;19;19230;SAINT-SORNIN-LAVOLPS;868
269;19;19260;TREIGNAC;1377
272;19;19000;TULLE;15475
274;19;19270;USSAC;4330
33;50;50270;BAUBIGNY;213
41;86;86180;BUXEROLLES;37
102;89;89240;CHEVANNES;165
231;21;21000;DIJON;161380
89;69;69340;FRANCHEVILLE;296
34;94;94260;FRESNES;166
278;69;69730;GENAY;375
273;88;88000;LONGCHAMP;1284
215;69;69640;SAINT-JULIEN;1521
233;56;56470;SAINT-PHILIBERT;516
20;22;22250;BROONS;2970
32;22;22350;CAULNES;2639
50;22;22100;DINAN;14994
54;22;22430;ERQUY;4014
55;22;22680;BINIC-ETABLES-SUR-MER;7149
70;22;22200;GUINGAMP;7622
81;22;22120;HILLION;4280
93;22;22400;LAMBALLE-ARMOR;17158
94;22;22770;LANCIEUX;1621
106;22;22360;LANGUEUX;8064
113;22;22300;LANNION;21146
118;22;22100;LANVALLAY;4291
143;22;22550;MATIGNON;1720
160;22;22400;NOYAL;964
162;22;22500;PAIMPOL;7514
168;22;22700;PERROS-GUIREC;7285
209;22;22650;BEAUSSAIS-SUR-MER;3820
215;22;22440;PLOUFRAGAN;11739
222;22;22580;PLOUHA;4629
225;22;22970;PLOUMAGOAR;5522
278;22;22000;SAINT-BRIEUC;45099
282;22;22380;SAINT-CAST-LE-GUILDO;3385
325;22;22410;SAINT-QUAY-PORTRIEUX;3343
339;22;22100;TADEN;2600
176;23;23300;LA SOUTERRAINE;5213
37;24;24100;BERGERAC;27408
53;24;24750;BOULAZAC ISLE MANOIRE;11078
86;24;24250;CASTELNAUD-LA-CHAPELLE;455
138;24;24660;COULOUNIEIX-CHAMIERS;7683
195;33;33690;GRIGNOLS;675
226;24;24230;LAMOTHE-MONTRAVEL;1398
335;24;33220;PORT-SAINTE-FOY-ET-PONCHAPT;2524
362;24;24510;VAL DE LOUYRE ET CAUDEAU;1614
330;42;42390;VILLARS;463
31;25;25400;AUDINCOURT;13549
35;25;25870;LES AUXONS;2561
73;25;25870;BONNAY;836
127;25;25140;CHARQUEMONT;2791
197;25;25960;DELUZ;621
76;69;69380;DOMMARTIN;752
204;25;25300;DOUBS;3293
222;25;25580;ETALANS;1631
254;25;25300;LES FOURGS;1436
265;25;25870;GENEUILLE;1337
318;25;25370;JOUGNE;1834
364;25;25620;MAMIROLLE;1813
403;25;25500;MONTLEBON;2200
411;25;25500;MORTEAU;7189
413;25;25240;MOUTHE;1083
434;25;25290;ORNANS;4527
462;25;25300;PONTARLIER;18440
494;25;25370;ROCHEJEAN;735
539;25;25230;SELONCOURT;5869
298;85;85150;VAIRE;817
578;25;25800;VALDAHON;5849
542;54;54910;VALLEROY;144
30;33;33720;BARSAC;141
42;26;26800;BEAUVALLON;1625
64;26;26120;CHABEUIL;6993
108;26;26400;CREST;8954
114;26;26220;DIEULEFIT;3375
179;26;26600;MERCUROL-VEAUNES;2788
182;26;26110;MIRABEL-AUX-BARONNIES;1585
191;26;26740;MONTBOUCHER-SUR-JABRON;2460
213;26;26210;MORAS-EN-VALLOIRE;696
220;26;26110;NYONS;6958
235;26;26700;PIERRELATTE;13769
247;26;26240;PONSAS;539
290;26;26420;SAINT-AGNAN-EN-VERCORS;372
338;26;26740;SAUZET;1881
357;26;26790;TULETTE;2052
16;27;27700;LES ANDELYS;8210
56;27;27300;BERNAY;10159
119;27;27730;BUEIL;1644
229;27;27000;EVREUX;47574
275;27;27600;GAILLON;6958
284;27;27140;GISORS;11862
299;27;27930;GRAVIGNY;4075
448;27;27120;PACY-SUR-EURE;5183
203;30;30530;PORTES;279
502;27;27250;RUGLES;2242
679;27;27130;VERNEUIL D'AVRE ET D'ITON;7978
3;72;72700;ALLONNES;319
4;45;45200;AMILLY;1872
7;28;28260;ANET;2800
15;28;28700;AUNEAU-BLEURY-SAINT-SYMPHORIEN;6177
84;28;28130;CHARTAINVILLIERS;720
85;28;28000;CHARTRES;39698
94;28;28210;CHAUDON;1697
110;28;28630;LE COUDRAY;4196
113;28;28210;COULOMBS;1375
134;28;28100;DREUX;31165
140;28;28230;EPERNON;5701
168;28;28320;GALLARDON;3750
172;28;28320;GAS;812
280;95;95190;GOUSSAINVILLE;1324
191;28;28130;HANCHES;2739
201;28;28300;JOUY;2002
213;28;28210;LORMAYE;675
220;28;28600;LUISANT;7009
227;28;28130;MAINTENON;4539
229;28;28300;MAINVILLIERS;11385
48;93;93100;MONTREUIL;513
279;28;28210;NOGENT-LE-ROI;4046
468;91;91540;ORMOY;226
391;28;28310;TOURY;2627
643;78;78540;VERNOUILLET;12622
19;29;29200;BREST;142555
22;29;29570;CAMARET-SUR-MER;2521
23;29;29660;CARANTEC;3292
39;29;29900;CONCARNEAU;20672
42;29;29160;CROZON;7605
45;29;29460;DIRINON;2281
46;29;29100;DOUARNENEZ;14365
103;29;29800;LANDERNEAU;16532
105;29;29400;LANDIVISIAU;9471
151;29;29600;MORLAIX;15302
188;29;29630;PLOUGASNOU;2861
189;29;29470;PLOUGASTEL-DAOULAS;13526
169;56;56680;PLOUHINEC;4060
217;29;29930;PONT-AVEN;2879
232;29;29000;QUIMPER;65761
239;29;29680;ROSCOFF;3574
256;29;29550;SAINT-NIC;780
3;30;30220;AIGUES-MORTES;8640
6;30;30470;AIMARGUES;5770
10;30;30140;ANDUZE;3368
4;66;66210;LES ANGLES;8681
17;30;30770;ARRIGAS;212
20;30;30620;AUBORD;2406
32;30;30300;BEAUCAIRE;16045
34;30;30127;BELLEGARDE;7438
36;30;30620;BERNIS;3448
47;30;30230;BOUILLARGUES;6407
60;30;30132;CAISSARGUES;4231
61;30;30190;LA CALMETTE;2390
62;30;30420;CALVISSON;5997
73;30;30210;CASTILLON-DU-GARD;1759
75;30;30820;CAVEIRAC;4420
82;30;30870;CLARENSAC;4305
83;30;30920;CODOGNAN;2456
123;30;30660;GALLARGUES-LE-MONTUEUX;3734
125;30;30128;GARONS;4990
140;30;30460;LASALLE;1117
156;30;30320;MARGUERITTES;8820
166;30;30840;MEYNES;2654
169;30;30540;MILHAUD;5855
179;30;30490;MONTFRIN;3215
206;30;30320;POULX;4252
210;30;30260;QUISSAC;3332
212;30;30210;REMOULINS;2302
217;30;30650;ROCHEFORT-DU-GARD;7814
221;30;30150;ROQUEMAURE;5611
249;30;30980;SAINT-DIONISY;1083
253;30;30960;SAINT-FLORENT-SUR-AUZONNET;1185
184;44;44600;SAINT-NAZAIRE;1281
290;30;30130;SAINT-PAULET-DE-CAISSON;1889
309;30;30260;SARDAN;338
311;30;30610;SAUVE;1925
315;30;30650;SAZE;2158
317;30;30210;SERNHAC;1781
341;30;30600;VAUVERT;11610
350;30;30120;LE VIGAN;3890
356;30;30230;RODILHAN;3023
22;31;31140;AUCAMVILLE;9062
32;31;31840;AUSSONNE;7289
35;31;31320;AUZEVILLE-TOLOSANE;4335
44;31;31130;BALMA;16912
56;31;31700;BEAUZELLE;7056
69;31;31700;BLAGNAC;26014
116;31;31780;CASTELGINEST;10799
149;31;31770;COLOMIERS;40529
157;31;31270;CUGNAUX;19597
169;31;31750;ESCALQUENS;7129
182;31;31150;FENOUILLET;5366
184;31;31130;FLOURENS;2094
186;31;31140;FONBEAUZARD;3041
202;31;31620;FRONTON;6420
203;31;31270;FROUZINS;9454
271;31;31570;LANTA;2197
282;31;31140;LAUNAGUET;9162
351;31;31700;MONDONVILLE;5259
396;31;31560;NAILLOUX;3992
429;31;31450;POMPERTUZAT;2345
451;31;31250;REVEL;9934
555;31;31500;TOULOUSE;498596
557;31;31170;TOURNEFEUILLE;28732
582;31;31290;VILLEFRANCHE-DE-LAURAGAIS;4871
13;32;32000;AUCH;23276
56;33;33290;BLANQUEFORT;52
29;83;83440;CALLIAN;50
96;32;32150;CAZAUBON;1690
107;32;32100;CONDOM;6699
147;32;32200;GIMONT;3085
150;34;34340;MARSEILLAN;89
264;69;69400;VILLEFRANCHE;128
5;33;33510;ANDERNOS-LES-BAINS;12517
9;33;33120;ARCACHON;11898
19;33;33980;AUDENGE;8801
29;33;33114;LE BARP;5686
32;33;33530;BASSENS;7533
36;33;33430;BAZAS;5057
51;33;33380;BIGANOS;11113
58;33;33390;BLAYE;4950
63;33;33800;BORDEAUX;264257
69;33;33110;LE BOUSCAT;24167
75;33;33520;BRUGES;19590
80;33;33140;CADAUJAC;6534
81;33;33410;CADILLAC;2864
97;33;33121;CARCANS;2454
99;33;33360;CARIGNAN-DE-BORDEAUX;4184
108;33;33350;CASTILLON-LA-BATAILLE;3229
119;33;33150;CENON;25723
122;33;33610;CESTAS;17329
138;33;33230;COUTRAS;8732
162;33;33320;EYSINES;24752
192;33;33170;GRADIGNAN;26028
200;33;33185;LE HAILLAN;11728
201;33;33550;HAUX;851
203;33;33990;HOURTIN;3880
214;33;33680;LACANAU;5142
226;33;33550;LANGOIRAN;2185
227;33;33210;LANGON;7503
229;33;33138;LANTON;7424
128;34;34190;LAROQUE;291
234;33;33360;LATRESNE;3669
241;33;33550;LESTIAC-SUR-GARONNE;579
243;33;33500;LIBOURNE;24801
249;33;33310;LORMONT;23498
284;33;33380;MIOS;10909
293;33;33450;MONTUSSAN;3414
311;33;33550;PAILLET;1228
312;33;33290;PAREMPUYRE;9220
318;33;33600;PESSAC;66007
324;33;33220;PINEUILH;4549
337;33;33210;PREIGNAC;2187
389;33;33820;SAINT-CIERS-SUR-GIRONDE;3063
402;33;33220;SAINTE-FOY-LA-GRANDE;2658
435;33;33490;SAINT-MACAIRE;2173
466;33;33750;SAINT-QUENTIN-DE-BARON;2591
473;33;33920;SAINT-SAVIN;3287
492;33;33920;SAINT-YZAN-DE-SOUDIAC;2451
498;33;33770;SALLES;7550
506;33;33540;SAUVETERRE-DE-GUYENNE;1875
514;33;33780;SOULAC-SUR-MER;2850
522;33;33400;TALENCE;44799
527;33;33470;LE TEICH;8679
529;33;33260;LA TESTE-DE-BUCH;26546
533;33;33210;TOULENNE;2780
534;33;33550;LE TOURNE;813
535;33;33370;TRESSES;4947
539;33;33870;VAYRES;4176
545;33;33180;VERTHEUIL;1336
554;33;33370;YVRAC;2861
555;33;33380;MARCHEPRIME;5073
3;34;34300;AGDE;30000
14;34;34820;ASSAS;1530
22;34;34670;BAILLARGUES;7755
37;34;34760;BOUJAN-SUR-LIBRON;3423
39;34;34140;BOUZIGUES;1667
58;34;34160;CASTRIES;6397
63;34;34720;CAUX;2585
75;34;34210;CESSERAS;421
108;34;34110;FRONTIGNAN;23255
111;34;34190;GANGES;4200
113;34;34770;GIGEAN;6586
114;34;34150;GIGNAC;6594
116;34;34790;GRABELS;8897
120;34;34830;JACOU;6910
123;34;34990;JUVIGNAC;11447
126;34;34240;LAMALOU-LES-BAINS;2517
129;34;34970;LATTES;17680
143;34;34140;LOUPIAN;2230
145;34;34400;LUNEL;26627
151;34;34590;MARSILLARGUES;6485
152;34;34380;MAS-DE-LONDRES;682
154;34;34130;MAUGUIO;16899
161;34;34310;MONTADY;4035
163;34;34570;MONTARNAUD;4099
165;34;34560;MONTBAZIN;2994
172;34;34080;MONTPELLIER;298933
192;34;34250;PALAVAS-LES-FLOTS;5885
204;34;34230;PLAISSAN;1390
209;34;34420;PORTIRAGNES;3168
213;34;34560;POUSSAN;6071
215;34;34230;POUZOLS;981
217;34;34730;PRADES-LE-LEZ;6019
225;34;34620;PUISSERGUIER;3087
246;34;34400;ENTRE-VIGNES;2151
307;34;34160;SUSSARGUES;2859
324;34;34350;VALRAS-PLAGE;4264
327;34;34740;VENDARGUES;6507
329;34;34350;VENDRES;2804
332;34;34450;VIAS;5782
333;34;34110;VIC-LA-GARDIOLE;3401
12;35;35470;BAIN-DE-BRETAGNE;7479
24;35;35830;BETTON;12524
33;35;35890;BOURG-DES-COMPTES;3364
40;35;35160;BRETEIL;3733
47;35;35170;BRUZ;19366
49;35;35260;CANCALE;5317
82;77;77720;CHAMPEAUX;529
55;35;35135;CHANTEPIE;10469
66;35;35131;CHARTRES-DE-BRETAGNE;8291
76;35;35310;CHAVAGNE;4350
93;35;35800;DINARD;10707
123;35;35580;GOVEN;4411
125;35;35130;LA GUERCHE-DE-BRETAGNE;4396
126;35;35580;GUICHEN;8877
131;35;35590;L'HERMITAGE;4710
173;35;35520;MELESSE;7065
179;35;35540;MINIAC-MORVAN;4228
184;35;35360;MONTAUBAN-DE-BRETAGNE;6332
188;35;35160;MONTFORT-SUR-MEU;6899
195;35;35440;MONTREUIL-SUR-ILLE;2425
196;35;35310;MORDELLES;7479
204;35;35410;NOUVOITOU;3340
216;35;35850;PARTHENAY-DE-BRETAGNE;1808
226;35;35720;PLEUGUENEUC;1954
228;35;35730;PLEURTUIT;7106
236;35;35600;REDON;10032
238;35;35000;RENNES;224655
239;35;35240;RETIERS;4534
240;35;35650;LE RHEU;9225
241;35;35780;LA RICHARDAIS;2488
247;35;35610;ROZ-SUR-COUESNON;1010
250;35;35230;SAINT-ARMEL;2245
256;35;35800;SAINT-BRIAC-SUR-MER;2256
265;35;35190;SAINT-DOMINEUC;2611
287;35;35800;SAINT-LUNAIRE;2548
288;35;35400;SAINT-MALO;48141
326;35;35490;SENS-DE-BRETAGNE;2607
352;35;35770;VERN-SUR-SEICHE;8315
353;35;35132;VEZIN-LE-COQUET;6227
362;35;35540;LE TRONCHET;1186
295;41;41350;VINEUIL;1250
3;37;37400;AMBOISE;12912
31;37;37140;BOURGUEIL;3971
109;37;37230;FONDETTES;10824
115;37;37160;DESCARTES;3427
132;37;37600;LOCHES;6735
151;37;37390;LA MEMBROLLE-SUR-CHOISILLE;3362
156;37;37270;MONTLOUIS-SUR-LOIRE;11017
195;37;37520;LA RICHE;10397
196;37;37120;RICHELIEU;1682
203;37;37210;ROCHECORBON;3235
233;37;37700;SAINT-PIERRE-DES-CORPS;16217
261;37;37000;TOURS;139843
2;38;38190;LES ADRETS;1073
6;38;38580;ALLEVARD;4129
11;38;38280;ANTHON;1090
20;38;38142;AURIS;187
30;38;38140;BEAUCROISSANT;1770
45;38;38330;BIVIERS;2423
52;38;38520;LE BOURG-D'OISANS;3389
53;38;38300;BOURGOIN-JALLIEU;29443
61;38;38500;LA BUISSE;3305
49;69;69380;CHASSELAY;410
100;38;38570;LE CHEYLAS;2571
126;38;38700;CORENC;4205
128;38;38970;CORPS;455
140;38;38920;CROLLES;8549
151;38;38130;ECHIROLLES;37144
158;38;38320;EYBENS;10099
170;38;38120;FONTANIL-CORNILLON;3207
175;38;38190;FROGES;3451
181;38;38570;GONCELIN;2512
185;38;38000;GRENOBLE;160441
186;38;38650;GRESSE-EN-VERCORS;389
191;38;38750;HUEZ;1340
193;38;38080;L'ISLE-D'ABEAU;16902
194;38;38140;IZEAUX;2172
205;38;38250;LANS-EN-VERCORS;2795
229;38;38240;MEYLAN;18177
239;38;38430;MOIRANS;7655
249;38;38330;MONTBONNOT-SAINT-MARTIN;6039
253;38;38860;LES DEUX ALPES;1965
82;83;83131;MONTFERRAT;1856
201;47;47520;LE PASSAGE;913
309;38;38320;POISAT;2154
314;38;38530;PONTCHARRA;7519
317;38;38800;LE PONT-DE-CLAIX;10792
337;38;38140;RIVES;6751
347;38;38940;ROYBON;1159
377;38;38110;SAINT-CLAIR-DE-LA-TOUR;3515
383;38;38960;SAINT-ETIENNE-DE-CROSSEY;2703
384;38;38590;SAINT-ETIENNE-DE-SAINT-GEOIRS;3250
387;38;38590;SAINT-GEOIRS;519
397;38;38330;SAINT-ISMIER;7378
400;38;38430;SAINT-JEAN-DE-MOIRANS;3644
408;38;38540;SAINT-JUST-CHALEYSSIN;2717
416;38;38160;SAINT-MARCELLIN;7945
422;38;38410;SAINT-MARTIN-D'URIAGE;5687
423;38;38950;SAINT-MARTIN-LE-VINOUX;5942
431;38;38330;SAINT-NAZAIRE-LES-EYMES;3050
442;38;38380;SAINT-PIERRE-DE-CHARTREUSE;988
474;38;38360;SASSENAGE;11259
485;38;38170;SEYSSINET-PARISET;12033
501;38;38570;TENCIN;2151
503;38;38660;LA TERRASSE;2637
516;38;38700;LA TRONCHE;6742
517;38;38210;TULLINS;7939
527;38;38114;VAUJANY;346
528;38;38410;VAULNAVEYS-LE-BAS;1351
538;38;38420;LE VERSOUD;4997
547;38;38190;VILLARD-BONNOT;7354
548;38;38250;VILLARD-DE-LANS;4459
553;38;38090;VILLEFONTAINE;19106
559;38;38470;VINAY;4425
562;38;38220;VIZILLE;7414
563;38;38500;VOIRON;20871
565;38;38340;VOREPPE;9648
567;38;38410;CHAMROUSSE;412
13;39;39600;ARBOIS;3504
6;45;45160;ARDON;118
47;39;39400;BELLEFONTAINE;543
97;39;39300;CHAMPAGNOLE;8421
154;39;39130;CLAIRVAUX-LES-LACS;1478
198;39;39100;DOLE;24604
333;39;39260;MOIRANS-EN-MONTAGNE;2233
362;39;39570;MONTMOROT;3413
368;39;39400;HAUTS DE BIENNE;5545
392;39;39290;OFFLANGES;197
411;39;39570;PERRIGNY;1561
453;39;39170;RAVILLOLES;465
470;39;39220;LES ROUSSES;3730
478;39;39200;SAINT-CLAUDE;9225
501;39;39100;SAMPANS;1212
442;88;88120;SAPOIS;400
510;39;39310;SEPTMONCEL LES MOLUNES;824
526;39;39500;TAVAUX;4054
309;74;74580;VIRY;946
1;40;40800;AIRE-SUR-L'ADOUR;6744
4;40;40150;ANGRESSE;2178
19;40;40200;AUREILHAN;1096
43;40;40170;BIAS;776
46;40;40600;BISCARROSSE;14292
65;40;40130;CAPBRETON;9351
88;40;40100;DAX;21684
119;40;40700;HAGETMAU;4764
133;40;40530;LABENNE;7002
184;40;40200;MIMIZAN;7420
187;40;40660;MOLIETS-ET-MAA;1201
192;40;40000;MONT-DE-MARSAN;31220
209;40;40440;ONDRES;5641
211;40;40300;ORIST;760
224;40;40300;PEYREHORADE;3828
235;40;40380;POYANNE;702
243;40;40370;RION-DES-LANDES;3065
282;40;40500;SAINT-SEVER;4986
287;40;40460;SANGUINET;4497
296;40;40510;SEIGNOSSE;3971
304;40;40150;SOORTS-HOSSEGOR;3566
310;40;40140;SOUSTONS;8434
312;40;40220;TARNOS;12933
313;40;40400;TARTAS;3270
317;40;40230;TOSSE;3298
18;41;41000;BLOIS;47418
151;41;41400;MONTRICHARD VAL DE CHER;3769
194;41;41200;ROMORANTIN-LANTHENAY;18395
297;69;69360;TERNAY;337
276;41;41000;VILLEBAROU;2543
11;42;42510;BALBIGNY;2896
26;42;42720;BRIENNON;1758
32;69;69210;BULLY;410
44;42;42500;LE CHAMBON-FEUGEROLLES;12028
52;42;42190;CHARLIEU;3789
56;42;42410;CHAVANAY;2947
71;42;42120;LE COTEAU;7059
93;42;42320;FARNAY;1399
94;42;42110;FEURS;8448
95;42;42700;FIRMINY;17089
97;42;42480;LA FOUILLOUSE;4730
99;42;42490;FRAISSES;3786
103;42;42320;LA GRAND-CROIX;5213
123;42;42420;LORETTE;4747
127;42;42300;MABLY;7771
136;69;69700;MONTAGNY;1102
147;42;42600;MONTBRISON;16538
149;42;42210;MONTROND-LES-BAINS;5421
156;42;42590;NEULISE;1390
170;42;42120;PERREUX;2290
183;42;42150;LA RICAMARIE;7920
184;42;42153;RIORGES;11128
186;42;42800;RIVE-DE-GIER;15099
187;42;42300;ROANNE;34547
207;42;42400;SAINT-CHAMOND;35253
218;42;42000;SAINT-ETIENNE;175792
222;42;42330;SAINT-GALMIER;5972
225;42;42800;GENILAC;3970
237;42;42650;SAINT-JEAN-BONNEFONDS;6684
242;42;42800;SAINT-JOSEPH;1957
248;42;42430;SAINT-JUST-EN-CHEVALET;1168
256;42;42680;SAINT-MARCELLIN-EN-FOREZ;5051
270;42;42240;SAINT-PAUL-EN-CORNILLON;1388
271;42;42740;SAINT-PAUL-EN-JAREZ;4876
275;42;42270;SAINT-PRIEST-EN-JAREZ;6201
279;42;42170;SAINT-JUST-SAINT-RAMBERT;15509
285;42;42610;SAINT-ROMAIN-LE-PUY;4154
301;42;42560;SOLEYMIEUX;697
316;42;42240;UNIEUX;8498
323;42;42340;VEAUCHE;9078
332;42;42300;VILLEREST;5172
7;43;43200;ARAULES;619
12;43;43110;AUREC-SUR-LOIRE;6225
25;43;43590;BEAUZAC;3036
40;43;43100;BRIOUDE;6934
41;43;43700;BRIVES-CHARENSAC;4409
89;43;43000;ESPALY-SAINT-MARCEL;3667
112;43;43300;LANGEAC;3566
153;43;43330;PONT-SALOMON;1932
177;43;43140;SAINT-DIDIER-EN-VELAY;3503
424;88;88100;SAINTE-MARGUERITE;45
213;43;43620;SAINT-PAL-DE-MONS;2345
262;43;43100;VIEILLE-BRIOUDE;1204
268;43;43200;YSSINGEAUX;7703
9;44;44115;BASSE-GOULAINE;9377
10;44;44740;BATZ-SUR-MER;2896
15;44;44130;BLAIN;10128
18;44;44830;BOUAYE;8147
20;44;44340;BOUGUENAIS;20208
25;44;44750;CAMPBON;4026
26;44;44470;CARQUEFOU;20831
43;44;44190;CLISSON;7676
49;44;44490;LE CROISIC;4174
52;44;44480;DONGES;8246
55;44;44500;LA BAULE-ESCOUBLAC;16797
74;44;44610;INDRE;4085
97;44;44420;MESQUER;2084
98;44;44780;MISSILLAC;5466
101;44;44620;LA MONTAGNE;6430
103;44;44550;MONTOIR-DE-BRETAGNE;7259
107;44;44850;MOUZEIL;1936
109;44;44100;NANTES;323975
114;44;44700;ORVAULT;27908
125;44;44420;PIRIAC-SUR-MER;2270
126;44;44770;LA PLAINE-SUR-MER;4465
130;44;44860;PONT-SAINT-MARTIN;6557
131;44;44210;PORNIC;16297
132;44;44380;PORNICHET;11440
135;44;44510;LE POULIGUEN;4108
158;44;44360;SAINT-ETIENNE-DE-MONTLUC;7708
169;44;44450;SAINT-JULIEN-DE-CONCELLES;7498
172;44;44980;SAINTE-LUCE-SUR-LOIRE;15588
176;44;44550;SAINT-MALO-DE-GUERSAC;3247
182;44;44730;SAINT-MICHEL-CHEF-CHEF;5322
185;44;44460;SAINT-NICOLAS-DE-REDON;3311
189;44;44160;SAINTE-REINE-DE-BRETAGNE;2431
194;44;44880;SAUTRON;8644
195;44;44260;SAVENAY;9250
210;44;44570;TRIGNAC;8064
211;44;44420;LA TURBALLE;4829
213;44;44370;LOIREAUXENCE;7607
215;44;44120;VERTOU;26140
28;45;45190;BEAUGENCY;7525
30;45;45340;BEAUNE-LA-ROLANDE;2150
46;45;45140;BOULAY-LES-BARRES;1071
53;45;45250;BRIARE;5309
61;45;45120;CEPOY;2472
72;45;45400;CHANTEAU;1596
155;45;45500;GIEN;13974
293;91;91590;GUIGNEVILLE;538
173;45;45150;JARGEAU;4725
191;45;45330;LE MALESHERBOIS;8239
203;45;45130;MEUNG-SUR-LOIRE;6635
208;45;45200;MONTARGIS;15521
224;45;45170;NEUVILLE-AUX-BOIS;5024
232;45;45160;OLIVET;22867
248;45;45310;PATAY;2281
252;45;45300;PITHIVIERS;9167
258;45;45390;PUISEAUX;3482
274;45;45560;SAINT-DENIS-EN-VAL;7780
282;45;45160;SAINT-HILAIRE-SAINT-MESMIN;3156
286;45;45650;SAINT-JEAN-LE-BLANC;9303
300;45;45640;SANDILLON;4214
302;45;45770;SARAN;16563
308;45;45400;SEMOY;3301
315;45;45600;SULLY-SUR-LOIRE;5279
42;46;46000;CAHORS;20877
1;47;47000;AGEN;33464
4;47;47190;AIGUILLON;4562
52;47;47700;CASTELJALOUX;4574
106;47;47500;FUMEL;4854
128;47;47240;LAFOX;1145
145;47;47390;LAYRAC;3742
157;47;47200;MARMANDE;18008
175;47;47150;MONFLANQUIN;2383
310;47;47400;TONNEINS;9355
9;48;48130;PEYRE EN AUBRAC;2373
80;48;48300;LANGOGNE;3080
92;48;48100;MARVEJOLS;4928
95;48;48000;MENDE;13147
96;48;48150;MEYRUEIS;926
7;49;49100;ANGERS;158930
35;49;49080;BOUCHEMAINE;6915
50;49;49320;BRISSAC LOIRE AUBANCE;11125
90;49;49125;CHEFFES;986
99;49;49300;CHOLET;55979
283;49;49170;SAINT-GEORGES-SUR-LOIRE;3704
328;49;49400;SAUMUR;27449
343;49;49280;LA TESSOUALLE;3262
377;49;49140;RIVES-DU-LOIR-EN-ANJOU;5745
2;50;50180;AGNEAUX;4592
3;50;50230;AGON-COUTAINVILLE;2891
25;50;50300;AVRANCHES;10819
31;50;50270;BARNEVILLE-CARTERET;2295
66;50;50610;JULLOUVILLE;2446
129;50;50100;CHERBOURG-EN-COTENTIN;80912
147;50;50200;COUTANCES;9581
165;50;50350;DONVILLE-LES-BAINS;3183
197;50;50450;GAVRAY-SUR-SIENNE;1981
215;50;50560;GOUVILLE-SUR-MER;3317
218;50;50400;GRANVILLE;13187
236;50;50250;LA HAYE;4089
267;50;50430;LESSAY;2291
251;77;77127;LIEUSAINT;411
356;50;50680;MOON-SUR-ELLE;824
417;64;64800;NAY;70
391;50;50600;GRANDPARIGNY;2735
403;50;50770;PIROU;1469
410;50;50170;PONTORSON;4396
412;50;50580;PORT-BAIL-SUR-MER;2624
481;50;50430;SAINT-GERMAIN-SUR-AY;918
562;50;50550;SAINT-VAAST-LA-HOUGUE;1742
450;77;77170;SERVON;282
615;50;50700;VALOGNES;7088
28;51;51160;AVENAY-VAL-D'OR;1043
29;51;51190;AVIZE;1914
58;51;51430;BEZANNES;3048
65;51;51300;BLACY;645
152;51;51500;CHIGNY-LES-ROSES;553
172;51;51350;CORMONTREUIL;6550
196;51;51530;CRAMANT;893
210;51;51530;DIZY;1530
217;51;51700;DORMANS;2961
230;51;51200;EPERNAY;22901
250;51;51170;FISMES;5640
262;51;51300;FRIGNICOURT;1849
346;51;51700;MAREUIL-LE-PORT;1175
432;91;91420;MORANGIS;415
378;77;77310;PRINGY;442
454;51;51100;REIMS;184114
506;51;51470;SAINT-MEMMIE;5552
579;91;91770;SAINT-VRAIN;229
536;51;51500;SILLERY;1835
573;51;51430;TINQUEUX;10433
663;51;51530;MAGENTA;1712
269;52;52200;LANGRES;8064
353;52;52800;NOGENT;3652
520;78;78550;RICHEBOURG;267
173;69;69490;SARCEY;114
73;53;53800;CONGRIER;910
130;53;53000;LAVAL;52370
147;53;53100;MAYENNE;13503
99;54;54150;VAL DE BRIEY;8300
115;54;54250;CHAMPIGNEULLES;6736
137;54;54870;CONS-LA-GRANDVILLE;524
138;54;54400;COSNES-ET-ROMAIN;2797
150;54;54670;CUSTINES;3110
162;54;54119;DOMGERMAIN;1178
174;54;54200;ECROUVES;4481
205;54;54570;FOUG;2659
215;54;54390;FROUARD;6662
234;54;54730;GORCY;2922
253;54;54800;HATRIZE;785
254;54;54860;HAUCOURT-MOULAINE;3437
257;54;54180;HEILLECOURT;5486
261;54;54440;HERSERANGE;4455
273;54;54800;JARNY;8405
300;54;54410;LANEUVEVILLE-DEVANT-NANCY;6662
304;54;54520;LAXOU;14557
321;54;54810;LONGLAVILLE;2393
322;54;54260;LONGUYON;5280
323;54;54400;LONGWY;15046
383;54;54360;MONT-SUR-MEURTHE;1128
395;54;54000;NANCY;106504
426;54;54200;PIERRE-LA-TREICHE;486
432;54;54550;PONT-SAINT-VINCENT;1882
439;54;54425;PULNOY;5139
483;54;54210;SAINT-NICOLAS-DE-PORT;7490
493;54;54650;SAULNES;2454
526;54;54510;TOMBLAINE;9145
528;54;54200;TOUL;15898
533;54;54750;TRIEUX;2638
536;54;54640;TUCQUEGNIEUX;2462
580;54;54190;VILLERUPT;10111
584;54;54200;VILLEY-SAINT-ETIENNE;1054
3;56;56610;ARRADON;5567
5;56;56640;ARZON;2233
7;56;56400;AURAY;14564
10;56;56150;BAUD;6426
13;56;56550;BELZ;3821
23;56;56400;BRECH;6942
34;56;56340;CARNAC;4362
54;56;56410;ERDEVEN;3950
55;56;56410;ETEL;2234
63;56;56530;GESTEL;2727
78;56;56520;GUIDEL;12076
83;56;56700;HENNEBONT;16467
90;56;56650;INZINZAC-LOCHRIST;6683
94;56;56700;KERVIGNAC;7002
98;56;56600;LANESTER;23599
101;56;56440;LANGUIDIC;8215
107;56;56260;LARMOR-PLAGE;8562
110;56;56160;LIGNOL;867
114;56;56360;LOCMARIA;961
121;56;56100;LORIENT;58732
124;56;56140;MALESTROIT;2548
152;56;56360;LE PALAIS;2598
161;56;56400;PLOEMEL;3077
162;56;56270;PLOEMEUR;18417
164;56;56880;PLOEREN;6857
168;56;56340;PLOUHARNEL;2262
176;56;56400;PLUNERET;6045
177;56;56330;PLUVIGNER;7817
178;56;56300;PONTIVY;15998
181;56;56290;PORT-LOUIS;2754
186;56;56170;QUIBERON;4749
193;56;56670;RIANTEC;5965
234;56;56510;SAINT-PIERRE-QUIBERON;2095
241;56;56360;SAUZON;1020
260;56;56000;VANNES;55692
263;56;56400;SAINTE-ANNE-D'AURAY;2896
211;95;95300;ENNERY;2182
383;59;59770;MARLY;10339
95;58;58300;DECIZE;5408
117;58;58600;FOURCHAMBAULT;4178
134;58;58160;IMPHY;3240
194;58;58000;NEVERS;34069
303;58;58640;VARENNES-VAUZELLES;9378
5;59;59251;ALLENNES-LES-MARAIS;3515
9;59;59650;VILLENEUVE-D'ASCQ;62613
14;59;59410;ANZIN;13411
34;59;59710;AVELIN;2685
43;59;59270;BAILLEUL;15404
90;59;59910;BONDUES;9989
122;59;59400;CAMBRAI;32794
139;59;59540;CAUDRY;14261
163;59;59170;CROIX;21157
168;59;59830;CYSOING;4918
172;59;59220;DENAIN;19999
178;59;59500;DOUAI;40471
222;59;59310;FAUMONT;2258
250;59;59134;FOURNES-EN-WEPPES;2336
271;59;59760;GRANDE-SYNTHE;22731
278;59;59320;HALLENNES-LEZ-HAUBOURDIN;4713
279;59;59250;HALLUIN;20857
284;59;59178;HASNON;3949
286;59;59320;HAUBOURDIN;14840
295;59;59190;HAZEBROUCK;21865
299;59;59510;HEM;18810
328;59;59130;LAMBERSART;27835
332;59;59390;LANNOY;1826
343;59;59810;LESQUIN;9097
350;59;59800;LILLE;236400
352;59;59126;LINSELLES;8372
360;59;59120;LOOS;23107
368;59;59110;LA MADELEINE;22044
386;59;59520;MARQUETTE-LEZ-LILLE;10867
392;59;59600;MAUBEUGE;29872
421;59;59420;MOUVAUX;13298
456;59;59146;PECQUENCOURT;6350
462;59;59133;PHALEMPIN;4858
491;59;59590;RAISMES;12388
507;59;59790;RONCHIN;19414
508;59;59223;RONCQ;13611
512;59;59100;ROUBAIX;99294
526;59;59230;SAINT-AMAND-LES-EAUX;16034
560;59;59113;SECLIN;12557
566;59;59320;SEQUEDIN;4812
574;59;59490;SOMAIN;12011
599;59;59200;TOURCOING;99345
606;59;59300;VALENCIENNES;43677
636;59;59118;WAMBRECHIES;10712
646;59;59290;WASQUEHAL;21092
648;59;59139;WATTIGNIES;15268
650;59;59150;WATTRELOS;41070
653;59;59136;WAVRIN;7835
660;59;59780;WILLEMS;3088
12;60;60570;ANDEVILLE;3335
25;60;60350;ATTICHY;1921
43;78;78870;BAILLY;635
57;60;60000;BEAUVAIS;58520
88;60;60540;BORNEL;4837
139;60;60230;CHAMBLY;10280
141;60;60500;CHANTILLY;11178
143;60;60240;CHAUMONT-EN-VEXIN;3382
108;77;77500;CHELLES;486
156;60;60280;CLAIROIX;2270
173;60;60660;CRAMOISY;822
175;60;60100;CREIL;36428
238;60;60700;FLEURINES;1970
277;60;60000;GOINCOURT;1583
282;60;60270;GOUVIEUX;9363
325;60;60880;JAUX;2364
337;60;60190;LACHELLE;761
342;60;60290;LAIGNEVILLE;4773
346;60;60260;LAMORLAYE;9015
360;60;60140;LIANCOURT;7075
367;60;60240;LOCONVILLE;341
402;60;60880;LE MEUX;2389
414;60;60160;MONTATAIRE;13811
439;60;60250;MOUY;5311
452;95;95590;NOINTEL;1108
471;60;60400;NOYON;13450
494;60;60128;PLAILLY;1923
524;60;60290;RANTIGNY;2564
578;60;60410;SAINTINES;1097
612;60;60300;SENLIS;15386
462;77;77230;THIEUX;448
635;60;60160;THIVERNY;1085
636;60;60150;THOUROTTE;4558
652;60;60790;VALDAMPIERRE;939
665;60;60280;VENETTE;2946
667;60;60410;VERBERIE;3866
169;61;61100;FLERS;15126
483;61;61140;BAGNOLES DE L'ORNE NORMANDIE;2783
4;62;62217;ACHICOURT;8065
14;62;62120;AIRE-SUR-LA-LYS;9956
37;62;62223;ANZIN-SAINT-AUBIN;2838
41;62;62000;ARRAS;42482
65;62;62210;AVION;17764
99;62;62217;BEAURAINS;5614
108;62;62600;BERCK;13813
126;62;62660;BEUVRY;9379
128;62;62118;BIACHE-SAINT-VAAST;4352
139;62;62575;BLENDECQUES;5077
193;62;62100;CALAIS;73134
215;62;62220;CARVIN;17660
261;62;62780;CUCQ;5152
270;62;62460;DIVION;7003
291;62;62300;ELEU-DIT-LEAUWETTE;2871
96;69;69520;GRIGNY;298
413;62;62440;HARNES;12329
473;62;62330;ISBERGUES;8795
498;62;62300;LENS;31648
525;62;62219;LONGUENESSE;11082
560;62;62250;MARQUISE;5144
571;62;62155;MERLIMONT;3471
225;74;74150;RUMILLY;256
744;62;62223;SAINTE-CATHERINE;3620
764;62;62223;SAINT-NICOLAS;4740
785;62;62690;SAVY-BERLETTE;1080
468;77;77200;TORCY;178
893;62;62930;WIMEREUX;6505
895;62;62410;WINGLES;8820
899;62;62179;WISSANT;871
38;63;63610;BESSE-ET-SAINT-ANASTAISE;1565
98;63;63680;CHASTREIX;231
178;63;63500;ISSOIRE;15701
285;63;63230;PONTGIBAUD;779
300;63;63200;RIOM;19762
380;63;63710;SAINT-NECTAIRE;765
430;63;63300;THIERS;12152
24;64;64600;ANGLET;40840
40;64;64570;ARETTE;1107
100;64;64200;BASSUSSARRY;3326
102;64;64100;BAYONNE;53063
122;64;64200;BIARRITZ;26508
132;64;64320;BIZANOS;4689
189;64;64500;CIBOURE;6391
198;64;64230;DENGUIN;1816
237;64;64110;GELOS;3784
256;64;64240;HASPARREN;7779
260;64;64700;HENDAYE;17404
269;64;64320;IDRON;5064
304;64;64990;LAHONCE;2561
320;64;64440;LARUNS;1208
335;64;64230;LESCAR;10084
348;64;64140;LONS;13957
409;64;64400;MOUMOUR;853
410;64;64150;MOURENX;6302
416;64;64190;NAVARRENX;1075
430;64;64300;ORTHEZ;11047
445;64;64000;PAU;77070
467;64;64110;RONTIGNON;865
483;64;64500;SAINT-JEAN-DE-LUZ;14618
511;64;64230;SAUVAGNON;3497
538;64;64220;UHART-CIZE;819
547;64;64480;USTARITZ;7178
17;65;65170;ARAGNOUET;251
31;65;65240;ARREAU;819
123;65;65710;CAMPAN;1367
127;65;65130;CAPVERN;1290
138;65;65110;CAUTERETS;897
199;65;65240;GERM;36
286;65;65100;LOURDES;13449
295;65;65120;LUZ-SAINT-SAUVEUR;954
384;65;65170;SAILHAN;174
388;65;65170;SAINT-LARY-SOULAN;862
440;65;65000;TARBES;43821
465;65;65170;VIELLE-AURE;335
24;66;66160;LE BOULOU;5333
65;66;66200;ELNE;9364
136;66;66000;PERPIGNAN;120771
154;66;66210;PUYVALADOR;64
164;66;66600;RIVESALTES;9030
182;66;66470;SAINTE-MARIE-LA-MER;4883
187;66;66220;SAINT-PAUL-DE-FENOUILLET;1808
212;66;66440;TORREILLES;3907
213;66;66350;TOULOUGES;7316
4;69;69380;ALIX;792
6;69;69550;AMPLEPUIS;5038
7;69;69420;AMPUIS;2794
9;69;69480;ANSE;7702
13;69;69400;ARNAS;3979
19;69;69220;BELLEVILLE-EN-BEAUJOLAIS;13591
24;69;69620;VAL D'OINGT;4225
27;69;69530;BRIGNAIS;12272
28;69;69126;BRINDAS;6589
29;69;69500;BRON;42645
31;69;69690;BRUSSIEU;1483
33;69;69270;CAILLOUX-SUR-FONTAINES;2957
43;69;69630;CHAPONOST;9019
45;69;69220;CHARENTAY;1316
111;77;77700;CHESSY;2159
64;69;69420;CONDRIEU;4040
67;69;69690;COURZIEU;1189
69;69;69290;CRAPONNE;11432
71;69;69250;CURIS-AU-MONT-D'OR;1206
72;69;69570;DARDILLY;9364
78;69;69850;DUERNE;853
80;69;69700;ECHALAS;1917
81;69;69130;ECULLY;19333
91;69;69700;GIVORS;20389
100;69;69540;IRIGNY;8871
112;69;69210;LENTILLY;6635
115;69;69400;LIMAS;4969
116;69;69760;LIMONEST;3750
121;69;69380;LOZANNE;2774
122;69;69480;LUCENAY;1969
141;69;69440;MORNANT;6316
149;69;69600;OULLINS;26831
154;69;69290;POLLIONNAY;2898
163;69;69650;QUINCIEUX;3545
171;69;69210;SAIN-BEL;2389
196;69;69430;SAINT-DIDIER-SUR-BEAUJEU;628
200;69;69490;SAINT-FORGEUX;1503
204;69;69230;SAINT-GENIS-LAVAL;21391
241;69;69440;TALUYERS;2651
243;69;69170;TARARE;10763
244;69;69160;TASSIN-LA-DEMI-LUNE;22637
249;69;69510;THURINS;3116
260;69;69390;VERNAISON;5055
266;69;69100;VILLEURBANNE;153294
268;69;69390;VOURLES;3458
271;69;69680;CHASSIEU;10790
273;69;69960;CORBAS;11269
276;69;69320;FEYZIN;9954
277;69;69740;GENAS;13402
282;69;69330;MEYZIEU;34941
283;69;69780;MIONS;13853
284;69;69250;MONTANAY;3346
286;69;69140;RILLIEUX-LA-PAPE;31063
287;69;69720;SAINT-BONNET-DE-MURE;6983
288;69;69720;SAINT-LAURENT-DE-MURE;5525
289;69;69780;SAINT-PIERRE-DE-CHANDIEU;4661
291;69;69360;SAINT-SYMPHORIEN-D'OZON;5845
292;69;69580;SATHONAY-CAMP;6560
293;69;69580;SATHONAY-VILLAGE;2417
296;69;69360;SOLAIZE;3019
298;69;69780;TOUSSIEU;3216
116;70;70400;CHAGEY;629
312;91;91430;IGNY;212
310;70;70200;LURE;8231
311;70;70300;LUXEUIL-LES-BAINS;6896
378;70;70000;NAVENNE;1673
428;70;70000;PUSEY;1504
447;70;70190;RIOZ;2372
685;80;80700;ROYE;1517
550;70;70000;VESOUL;15663
561;70;70110;VILLERSEXEL;1531
14;71;71400;AUTUN;14009
40;71;71450;BLANZY;6200
54;53;53810;CHANGE;224
106;71;71120;CHAROLLES;3326
120;71;71170;CHAUFFAILLES;3772
137;71;71250;CLUNY;5176
153;71;71200;LE CREUSOT;21567
176;71;71160;DIGOIN;7990
263;71;71500;LOUHANS;6658
310;71;71210;MONTCHANIN;5053
208;74;74190;PASSY;68
161;5;5240;LA SALLE;540
543;71;71700;TOURNUS;5827
56;72;72610;CHAMPFLEUR;1360
71;72;72500;MONTVAL-SUR-LOIR;6283
180;72;72600;MAMERS;5328
181;72;72000;LE MANS;146703
213;72;72230;MULSANNE;5288
241;72;72450;MONTFORT-LE-GESNOIS;2979
260;72;72230;RUAUDIN;3572
10;73;73410;ENTRELACS;6456
11;73;73200;ALBERTVILLE;20066
13;73;73300;ALBIEZ-MONTROND;375
15;73;73550;LES ALLUES;1903
23;73;73500;AUSSOIS;721
29;73;73000;BARBERAZ;5140
54;73;73700;BOURG-SAINT-MAURICE;7596
109;73;73220;EPIERRE;786
114;73;73590;FLUMET;831
132;73;73620;HAUTELUCE;781
150;73;73210;LA PLAGNE TARENTAISE;3894
157;73;73500;MODANE;3211
176;73;73700;MONTVALEZAN;719
182;73;73100;MOUXY;2295
92;84;84130;LE PONTET;121
206;73;73710;PRALOGNAN-LA-VANOISE;738
213;73;73490;LA RAVOIRE;9076
227;73;73120;COURCHEVEL;2433
257;73;73440;LES BELLEVILLE;3611
296;73;73320;TIGNES;2062
300;73;73100;TRESSERVE;3094
306;73;73450;VALLOIRE;1091
307;73;73450;VALMEINIER;569
329;73;73420;VOGLANS;1948
6;74;74350;ALLONZIER-LA-CAILLE;2221
7;74;74800;AMANCY;2793
10;74;74940;ANNECY;134101
12;74;74100;ANNEMASSE;36978
16;74;74160;ARCHAMPS;2644
19;74;74370;ARGONAY;3640
40;74;74380;BONNE;3324
42;74;74130;BONNEVILLE;12915
80;74;74220;LA CLUSAZ;1762
81;74;74300;CLUSES;17323
83;74;74920;COMBLOUX;2219
87;74;74130;CONTAMINE-SUR-ARVE;2356
88;74;74350;COPPONEX;1217
89;74;74700;CORDON;1010
90;74;74800;CORNIER;1405
99;74;74120;DEMI-QUARTIER;881
104;74;74210;DOUSSARD;3627
108;74;74410;DUINGT;1015
112;74;74330;EPAGNY METZ-TESSY;8394
119;74;74500;EVIAN-LES-BAINS;9359
123;74;74210;FAVERGES-SEYTHENEX;7836
133;74;74240;GAILLARD;10179
134;74;74260;LES GETS;1242
137;74;74570;GROISY;4047
143;74;74310;LES HOUCHES;3087
153;74;74380;LUCINGES;1672
160;74;74230;MANIGOD;1019
164;74;74970;MARIGNIER;6557
217;972;97290;MARIN;1894
169;74;74460;MARNAZ;5758
176;74;74290;MENTHON-SAINT-BERNARD;1954
183;74;74440;MIEUSSY;2485
185;74;74560;MONNETIER-MORNEX;2363
189;74;74130;MONT-SAXONNEX;1721
190;74;74440;MORILLON;689
201;74;74160;NEYDENS;2175
205;74;74490;ONNION;1317
213;74;74330;POISY;8592
238;74;74430;SAINT-JEAN-D'AULPS;1584
241;74;74490;SAINT-JEOIRE;3471
243;74;74160;SAINT-JULIEN-EN-GENEVOIS;16125
249;74;74500;SAINT-PAUL-EN-CHABLAIS;2570
250;74;74800;SAINT-PIERRE-EN-FAUCIGNY;7230
256;74;74700;SALLANCHES;17322
264;74;74950;SCIONZIER;9070
266;74;74310;SERVOZ;1092
276;74;74440;TANINGES;3465
278;74;74300;THYEZ;6480
288;74;74520;VALLEIRY;4995
290;74;74660;VALLORCINE;418
294;74;74440;VERCHAIX;775
299;74;74290;VEYRIER-DU-LAC;2358
305;74;74100;VILLE-LA-GRAND;9169
311;74;74250;VIUZ-EN-SALLAZ;4532
26;76;76880;ARQUES-LA-BATAILLE;2625
57;76;76360;BARENTIN;12627
95;76;76420;BIHOREL;8430
103;76;76240;BONSECOURS;6585
114;76;76210;BOLBEC;11746
157;76;76380;CANTELEU;14219
164;76;76490;RIVES-EN-SEINE;4214
217;76;76200;DIEPPE;28709
231;76;76500;ELBEUF;16350
254;76;76790;ETRETAT;1243
255;76;76260;EU;6916
276;76;76440;FORGES-LES-EAUX;4010
255;78;78840;FRENEUSE;962
312;76;76220;GOURNAY-EN-BRAY;6138
329;76;76210;GRUCHET-LE-VALASSE;3212
291;78;78930;GUERVILLE;469
341;76;76700;HARFLEUR;8414
351;76;76600;LE HAVRE;170120
382;76;76210;LANQUETOT;1174
384;76;76170;LILLEBONNE;8942
406;76;76400;MANIQUERVILLE;427
410;76;76150;MAROMME;10798
377;91;91300;MASSY;339
447;76;76290;MONTIVILLIERS;15705
451;76;76130;MONT-SAINT-AIGNAN;19732
474;76;76960;NOTRE-DAME-DE-BONDEVILLE;7061
540;76;76000;ROUEN;113934
575;76;76800;SAINT-ETIENNE-DU-ROUVRAY;28573
637;76;76540;SAINT-PIERRE-EN-PORT;835
647;76;76430;SAINT-ROMAIN-DE-COLBOSC;4299
655;76;76460;SAINT-VALERY-EN-CAUX;4091
752;76;76760;YERVILLE;2535
758;76;76190;YVETOT;11670
4;77;77390;ANDREZEL;291
5;77;77410;ANNET-SUR-MARNE;3326
14;77;77210;AVON;13643
18;77;77700;BAILLY-ROMAINVILLIERS;7477
22;77;77630;BARBIZON;1246
24;77;77750;BASSEVELLE;384
44;77;77720;BOMBON;968
55;77;77177;BROU-SUR-CHANTEREINE;4819
58;77;77600;BUSSY-SAINT-GEORGES;26944
59;77;77600;BUSSY-SAINT-MARTIN;661
61;77;77130;CANNES-ECLUSE;2517
62;77;77400;CARNETIN;465
67;77;77240;CESSON;10978
81;77;77390;CHAMPDEUIL;735
83;77;77420;CHAMPS-SUR-MARNE;25808
94;77;77410;CHARMENTRAY;300
96;77;77590;CHARTRETTES;2599
107;77;77390;CHAUMES-EN-BRIE;3365
114;77;77173;CHEVRY-COSSIGNY;3967
117;77;77730;CITRY;962
118;77;77410;CLAYE-SOUILLY;12305
127;77;77170;COUBERT;1898
128;77;77860;COUILLY-PONT-AUX-DAMES;2126
131;77;77120;COULOMMIERS;15018
132;77;77700;COUPVRAY;2899
139;77;77181;COURTRY;6750
146;77;77183;CROISSY-BEAUBOURG;2047
148;77;77840;CROUY-SUR-OURCQ;1849
155;77;77400;DAMPMART;3453
169;77;77184;EMERAINVILLE;7691
171;77;77450;ESBLY;6451
186;77;77300;FONTAINEBLEAU;16159
201;77;77370;GASTINS;682
209;77;77400;GOUVERNES;1208
215;77;77220;GRETZ-ARMAINVILLIERS;8545
217;77;77166;GRISY-SUISNES;2562
221;77;77600;GUERMANTES;1168
222;77;77390;GUIGNES;4325
237;77;77600;JOSSIGNY;665
238;77;77640;JOUARRE;4390
240;77;77320;JOUY-SUR-MORIN;2199
243;77;77400;LAGNY-SUR-MARNE;21764
258;77;77185;LOGNES;14418
259;77;77230;LONGPERRIER;2342
268;77;77700;MAGNY-LE-HONGRE;9257
272;77;77370;MAISON-ROUGE;870
48;94;94440;MAROLLES-EN-BRIE;416
280;77;77440;MARY-SUR-MARNE;1125
284;77;77100;MEAUX;56229
288;77;77000;MELUN;41139
292;77;77410;MESSY;1210
296;77;77550;MOISSY-CRAMAYEL;17984
312;77;77690;MONTIGNY-SUR-LOING;2735
316;77;77250;MORET-LOING-ET-ORVANNE;12556
317;77;77720;MORMANT;5050
318;77;77163;MORTCERF;1453
325;77;77480;MOUY-SUR-SEINE;363
326;77;77176;NANDY;6306
327;77;77370;NANGIS;8953
332;77;77230;NANTOUILLET;287
333;77;77140;NEMOURS;13211
335;77;77124;CHAUCONIN-NEUFMONTIERS;3582
337;77;77186;NOISIEL;16067
339;77;77123;NOISY-SUR-ECOLE;1885
344;77;77178;OISSERY;2454
349;77;77280;OTHIS;6801
369;77;77470;POINCY;736
372;77;77400;POMPONNE;4221
377;77;77220;PRESLES-EN-BRIE;2341
379;77;77160;PROVINS;12417
382;77;77860;QUINCY-VOISINS;5493
385;77;77510;REBAIS;2316
390;77;77680;ROISSY-EN-BRIE;22933
393;77;77540;ROZAY-EN-BRIE;2844
407;77;77310;SAINT-FARGEAU-PONTHIERRY;14246
430;77;77178;SAINT-PATHUS;6163
433;77;77120;BEAUTHEIL-SAINTS;2026
435;77;77930;SAINT-SAUVEUR-SUR-ECOLE;1138
437;77;77165;SAINT-SOUPPLETS;3253
445;77;77176;SAVIGNY-LE-TEMPLE;30212
447;77;77240;SEINE-PORT;1901
449;77;77700;SERRIS;9584
453;77;77115;SIVRY-COURTRY;1169
455;77;77111;SOIGNOLLES-EN-BRIE;2041
457;77;77111;SOLERS;1201
458;77;77460;SOUPPES-SUR-LOING;5485
470;77;77220;TOURNAN-EN-BRIE;8631
474;77;77450;TRILBARDOU;662
475;77;77470;TRILPORT;5077
483;77;77910;VARREDDES;2054
510;77;77174;VILLENEUVE-SAINT-DENIS;986
513;77;77124;VILLENOY;5009
514;77;77270;VILLEPARISIS;26678
521;77;77580;VILLIERS-SUR-MORIN;1981
531;77;77940;VOULX;1687
29;78;78410;AUBERGENVILLE;12216
57;78;78270;BENNECOURT;1904
87;78;78830;BONNELLES;2129
90;78;78410;BOUAFLE;2222
92;78;78380;BOUGIVAL;8932
117;78;78530;BUC;6192
118;78;78200;BUCHELAY;3329
120;78;78830;BULLION;1970
128;78;78720;CERNAY-LA-VILLE;1597
133;78;78240;CHAMBOURCY;5728
138;78;78570;CHANTELOUP-LES-VIGNES;10499
146;78;78400;CHATOU;30654
152;78;78450;CHAVENAY;1843
158;78;78150;LE CHESNAY-ROCQUENCOURT;31871
160;78;78460;CHEVREUSE;5746
193;78;78720;DAMPIERRE-EN-YVELINES;1037
206;78;78920;ECQUEVILLY;4194
208;78;78990;ELANCOURT;25868
233;78;78810;FEUCHEROLLES;3124
238;78;78410;FLINS-SUR-SEINE;2458
262;78;78490;GALLUIS;1261
267;78;78440;GARGENVILLE;7961
269;78;78125;GAZERAN;1320
297;78;78280;GUYANCOURT;29932
310;78;78550;HOUDAN;3712
311;78;78800;HOUILLES;33147
314;78;78440;ISSOU;3939
321;78;78760;JOUARS-PONTCHARTRAIN;5889
327;78;78820;JUZIERS;3889
335;78;78520;LIMAY;17241
337;78;78270;LIMETZ-VILLEZ;1969
350;78;78430;LOUVECIENNES;7401
354;78;78200;MAGNANVILLE;6308
356;78;78114;MAGNY-LES-HAMEAUX;9588
358;78;78600;MAISONS-LAFFITTE;23862
361;78;78200;MANTES-LA-JOLIE;44116
362;78;78711;MANTES-LA-VILLE;20975
366;78;78490;MAREIL-LE-GUYON;402
367;78;78750;MAREIL-MARLY;3845
372;78;78160;MARLY-LE-ROI;16884
380;78;78580;MAULE;6102
381;78;78550;MAULETTE;1028
382;78;78780;MAURECOURT;4467
383;78;78310;MAUREPAS;17931
401;78;78250;MEULAN-EN-YVELINES;9081
418;78;78360;MONTESSON;15269
431;78;78630;MORAINVILLIERS;3105
474;78;78910;ORVILLIERS;936
484;78;78200;PERDREAUVILLE;653
490;78;78370;PLAISIR;31303
498;78;78300;POISSY;39475
517;78;78120;RAMBOUILLET;27636
522;78;78730;ROCHEFORT-EN-YVELINES;945
537;78;78730;SAINT-ARNOULT-EN-YVELINES;5953
550;78;78640;SAINT-GERMAIN-DE-LA-GRANGE;1887
551;78;78100;SAINT-GERMAIN-EN-LAYE;46649
586;78;78500;SARTROUVILLE;53223
591;78;78790;SEPTEUIL;2373
621;78;78190;TRAPPES;32759
638;78;78740;VAUX-SUR-SEINE;5077
646;78;78000;VERSAILLES;86846
672;78;78670;VILLENNES-SUR-SEINE;5459
674;78;78450;VILLEPREUX;11208
686;78;78220;VIROFLAY;17100
688;78;78960;VOISINS-LE-BRETONNEUX;11209
49;79;79300;BRESSUIRE;20847
81;79;79180;CHAURAY;7289
114;79;79400;EXIREUIL;1609
124;79;79340;LES FORGES;117
130;79;79270;FRONTENAY-ROHAN-ROHAN;2998
191;79;79000;NIORT;61027
202;79;79200;PARTHENAY;10489
1;80;80100;ABBEVILLE;23390
10;80;80250;AILLY-SUR-NOYE;2864
16;80;80300;ALBERT;9945
21;80;80000;AMIENS;137380
39;80;80460;AULT;1414
182;80;80410;CAYEUX-SUR-MER;2476
212;80;80800;CORBIE;6371
228;80;80550;LE CROTOY;2022
253;80;80600;DOULLENS;6062
333;80;80120;FORT-MAHON-PLAGE;1311
368;80;80130;FRIVILLE-ESCARBOTIN;4589
489;80;80330;LONGUEAU;5810
533;80;80350;MERS-LES-BAINS;2711
627;80;80160;PLACHY-BUYON;849
649;80;80120;QUEND;1342
702;80;80680;SAINT-FUSCIEN;1336
721;80;80230;SAINT-VALERY-SUR-SOMME;2510
826;80;80460;WOIGNARUE;808
4;81;81000;ALBI;50625
145;81;81310;LISLE-SUR-TARN;4760
163;81;81200;MAZAMET;10418
271;81;81370;SAINT-SULPICE-LA-POINTE;9604
33;82;82100;CASTELSARRASIN;14437
37;82;82300;CAUSSADE;7010
112;82;82200;MOISSAC;13697
121;82;82000;MONTAUBAN;62832
124;82;82290;MONTBETON;4328
125;82;82700;MONTECH;6716
190;82;82600;VERDUN-SUR-GARONNE;4875
4;83;83460;LES ARCS;7240
9;83;83150;BANDOL;8548
11;83;83830;BARGEMON;1355
12;83;83670;BARJOLS;3029
16;83;83330;LE BEAUSSET;10020
17;83;83210;BELGENTIER;2453
19;83;83230;BORMES-LES-MIMOSAS;8279
23;83;83170;BRIGNOLES;17706
26;83;83340;CABASSE;1987
33;83;83660;CARNOULES;3561
34;83;83320;CARQUEIRANNE;9681
36;83;83240;CAVALAIRE-SUR-MER;7672
41;83;83830;CLAVIERS;732
42;83;83310;COGOLIN;11549
47;83;83260;LA CRAU;19202
49;83;83390;CUERS;12101
50;83;83300;DRAGUIGNAN;40344
51;83;83570;ENTRECASTEAUX;1141
53;83;83330;EVENOS;2467
55;83;83440;FAYENCE;5820
67;83;83590;GONFARON;4389
68;83;83310;GRIMAUD;4622
70;83;83980;LE LAVANDOU;6045
72;83;83510;LORGUES;9346
73;83;83340;LE LUC;11206
81;83;83440;MONTAUROUX;6680
86;83;83490;LE MUY;9537
90;83;83190;OLLIOULES;14119
91;83;83390;PIERREFEU-DU-VAR;6173
98;83;83220;LE PRADET;10426
99;83;83480;PUGET-SUR-ARGENS;8170
100;83;83390;PUGET-VILLE;4408
101;83;83350;RAMATUELLE;2163
106;83;83136;ROCBARON;5318
107;83;83380;ROQUEBRUNE-SUR-ARGENS;15128
110;83;83170;ROUGIERS;1692
112;83;83270;SAINT-CYR-SUR-MER;11725
121;83;83690;SALERNES;3838
124;83;83440;SEILLANS;2702
127;83;83870;SIGNES;2971
129;83;83140;SIX-FOURS-LES-PLAGES;35154
137;83;83200;TOULON;180641
138;83;83440;TOURRETTES;2928
139;83;83690;TOURTOUR;600
140;83;83170;TOURVES;5113
148;83;83550;VIDAUBAN;12760
153;83;83430;SAINT-MANDRIER-SUR-MER;6163
3;84;84400;APT;11258
4;84;84810;AUBIGNAN;5872
7;84;84000;AVIGNON;92821
12;84;84190;BEAUMES-DE-VENISE;2437
30;84;84330;CAROMB;3457
31;84;84200;CARPENTRAS;29949
35;84;84300;CAVAILLON;26648
43;84;84320;ENTRAIGUES-SUR-LA-SORGUE;8718
65;84;84360;LAURIS;3948
70;84;84570;MALEMORT-DU-COMTAT;1911
80;84;84170;MONTEUX;13161
83;84;84550;MORNAS;2485
87;84;84100;ORANGE;29437
89;84;84120;PERTUIS;20866
122;84;84260;SARRIANS;6206
124;84;84800;SAUMANE-DE-VAUCLUSE;962
129;84;84700;SORGUES;19127
132;84;84250;LE THOR;9117
136;84;84190;VACQUEYRAS;1271
137;84;84110;VAISON-LA-ROMAINE;6037
144;84;84750;VIENS;659
147;84;84530;VILLELAURE;3442
150;84;84820;VISAN;2013
18;85;85230;BEAUVOIR-SUR-MER;3940
35;85;85470;BRETIGNOLLES-SUR-MER;5155
47;85;85300;CHALLANS;22095
51;85;85110;CHANTONNAY;8865
84;85;85140;ESSARTS EN BOCAGE;9340
92;85;85200;FONTENAY-LE-COMTE;13959
114;85;85520;JARD-SUR-MER;2696
127;85;85560;LONGEVILLE-SUR-MER;2431
152;85;85150;LES ACHARDS;5379
164;85;85690;NOTRE-DAME-DE-MONTS;2196
215;85;85250;SAINT-FULGENT;3953
222;85;85800;SAINT-GILLES-CROIX-DE-VIE;8112
226;85;85270;SAINT-HILAIRE-DE-RIEZ;11501
234;85;85160;SAINT-JEAN-DE-MONTS;8922
262;85;85660;SAINT-PHILBERT-DE-BOUAINE;3574
278;85;85520;SAINT-VINCENT-SUR-JARD;1334
288;85;85440;TALMONT-SAINT-HILAIRE;8016
34;86;86410;BOURESSE;614
62;86;86360;CHASSENEUIL-DU-POITOU;4743
70;86;86300;CHAUVIGNY;7176
100;86;86240;FONTAINE-LE-COMTE;4008
157;86;86550;MIGNALOUX-BEAUVOIR;5202
194;86;86000;POITIERS;91487
14;87;87250;BESSINES-SUR-GARTEMPE;2860
50;87;87270;COUZEIX;9679
75;87;87170;ISLE;7998
85;87;87100;LIMOGES;133136
75;88;88250;LA BRESSE;4293
81;88;88540;BUSSANG;1372
87;88;88000;CHANTRAINE;3292
116;88;88310;CORNIMONT;3182
122;88;88270;DAMAS-ET-BETTEGNEY;371
126;88;88390;DARNIEULLES;1411
132;88;88000;DEYVILLERS;1399
160;88;88000;EPINAL;33706
177;88;88530;LA FORGE;531
181;88;88230;FRAIZE;2887
201;88;88390;GIRANCOURT;914
209;88;88190;GOLBEY;8921
225;88;88220;HADOL;2464
253;88;88000;JEUXEY;699
270;88;88350;LIFFOL-LE-GRAND;2185
304;88;88500;MIRECOURT;5436
319;88;88420;MOYENMOUTIER;3153
461;91;91340;OLLAINVILLE;74
341;88;88100;PAIR-ET-GRANDRUPT;518
349;88;88230;PLAINFAING;1667
358;88;88550;POUXEUX;2015
367;88;88700;RAMBERVILLERS;5231
369;88;88160;RAMONCHAMP;2024
383;88;88200;REMIREMONT;7992
408;88;88360;RUPT-SUR-MOSELLE;3597
429;88;88200;SAINT-NABORD;4251
475;71;71100;SAINT-REMY;530
445;88;88580;SAULCY-SUR-MEURTHE;2384
465;88;88150;CAPAVENIR VOSGES;8848
468;88;88160;LE THILLOT;3432
486;88;88120;VAGNEY;4019
500;88;88310;VENTRON;846
516;88;88800;VITTEL;4970
531;88;88400;XONRUPT-LONGEMER;1565
24;89;89000;AUXERRE;35554
25;89;89200;AVALLON;6682
287;89;89100;PARON;4946
387;89;89100;SENS;27203
414;89;89260;THORIGNY-SUR-OREUSE;1447
418;89;89700;TONNERRE;4546
438;89;89290;VENOY;1959
9;90;90500;BEAUCOURT;5074
10;90;90000;BELFORT;47242
75;90;90300;OFFEMONT;4318
17;91;91470;ANGERVILLIERS;1749
21;91;91290;ARPAJON;11447
44;91;91160;BALLAINVILLIERS;4642
45;91;91610;BALLANCOURT-SUR-ESSONNE;7693
47;91;91590;BAULNE;1324
85;91;91790;BOISSY-SOUS-SAINT-YON;3875
86;91;91070;BONDOUFLE;10144
95;91;91850;BOURAY-SUR-JUINE;2139
97;91;91800;BOUSSY-SAINT-ANTOINE;8058
99;91;91820;BOUTIGNY-SUR-ESSONNE;3004
111;91;91640;BRIIS-SOUS-FORGES;3381
114;91;91800;BRUNOY;25757
129;91;91590;CERNY;3502
132;91;91730;CHAMARANDE;1145
135;91;91750;CHAMPCUEIL;2923
136;91;91160;CHAMPLAN;2796
156;91;91630;CHEPTAINVILLE;2256
175;91;91410;CORBREUSE;1749
180;91;91490;COURANCES;347
191;91;91560;CROSNE;9427
200;91;91410;DOURDAN;10639
201;91;91210;DRAVEIL;28867
207;91;91520;EGLY;6375
223;91;91150;ETAMPES;25813
225;91;91450;ETIOLLES;3294
228;91;91000;EVRY-COURCOURONNES;67317
244;91;91540;FONTENAY-LE-VICOMTE;1617
249;91;91470;FORGES-LES-BAINS;3998
274;91;91400;GOMETZ-LA-VILLE;1526
315;91;91760;ITTEVILLE;6583
330;91;91510;LARDY;5585
332;91;91630;LEUDEVILLE;1501
333;91;91310;LEUVILLE-SUR-ORGE;4421
338;91;91470;LIMOURS;6613
339;91;91310;LINAS;6893
340;91;91090;LISSES;7396
345;91;91160;LONGJUMEAU;21412
347;91;91310;LONGPONT-SUR-ORGE;6428
359;91;91720;MAISSE;2820
363;91;91460;MARCOUSSIS;8295
376;91;91630;MAROLLES-EN-HUREPOIX;5664
386;91;91540;MENNECY;15583
421;91;91230;MONTGERON;24053
433;91;91150;MORIGNY-CHAMPIGNY;4452
434;91;91390;MORSANG-SUR-ORGE;20289
457;91;91290;LA NORVILLE;4377
471;91;91400;ORSAY;15832
477;91;91120;PALAISEAU;35568
479;91;91550;PARAY-VIEILLE-POSTE;7872
511;91;91740;PUSSAY;2135
521;91;91130;RIS-ORANGIS;29927
533;91;91690;SACLAS;1883
534;91;91400;SACLAY;4313
546;91;91410;SAINT-CYR-SOUS-DOURDAN;959
560;91;91940;SAINT-JEAN-DE-BEAUREGARD;494
570;91;91240;SAINT-MICHEL-SUR-ORGE;20631
573;91;91280;SAINT-PIERRE-DU-PERRAY;11331
577;91;91250;SAINTRY-SUR-SEINE;5862
581;91;91650;SAINT-YON;912
587;91;91160;SAULX-LES-CHARTREUX;6472
589;91;91600;SAVIGNY-SUR-ORGE;36823
599;91;91840;SOISY-SUR-ECOLE;1304
600;91;91450;SOISY-SUR-SEINE;7351
617;91;91250;TIGERY;4370
631;91;91480;VARENNES-JARCY;2331
634;91;91640;VAUGRIGNEUSE;1386
639;91;91820;VAYRES-SUR-ESSONNE;1027
666;91;91140;VILLEJUST;2443
671;91;91580;VILLENEUVE-SUR-AUVERS;611
685;91;91700;VILLIERS-SUR-ORGE;4639
689;91;91320;WISSOUS;7202
691;91;91330;YERRES;29527
692;91;91940;LES ULIS;25174
2;92;92160;ANTONY;63535
9;92;92270;BOIS-COLOMBES;29082
12;92;92100;BOULOGNE-BILLANCOURT;122825
14;92;92340;BOURG-LA-REINE;21410
22;92;92370;CHAVILLE;21081
23;92;92140;CLAMART;53424
24;92;92110;CLICHY;63346
25;92;92700;COLOMBES;87120
26;92;92400;COURBEVOIE;82213
32;92;92260;FONTENAY-AUX-ROSES;25762
33;92;92380;GARCHES;18233
35;92;92250;LA GARENNE-COLOMBES;29889
36;92;92230;GENNEVILLIERS;48746
40;92;92130;ISSY-LES-MOULINEAUX;68685
44;92;92300;LEVALLOIS-PERRET;66653
46;92;92240;MALAKOFF;31151
48;92;92360;MEUDON;46502
49;92;92120;MONTROUGE;48587
50;92;92000;NANTERRE;96917
51;92;92200;NEUILLY-SUR-SEINE;60584
60;92;92350;LE PLESSIS-ROBINSON;30215
62;92;92800;PUTEAUX;45446
63;92;92500;RUEIL-MALMAISON;79788
64;92;92210;SAINT-CLOUD;30610
71;92;92330;SCEAUX;20374
73;92;92150;SURESNES;49816
75;92;92170;VANVES;28131
76;92;92420;VAUCRESSON;9008
77;92;92410;VILLE-D'AVRAY;11527
78;92;92390;VILLENEUVE-LA-GARENNE;24183
1;93;93300;AUBERVILLIERS;89139
6;93;93170;BAGNOLET;36166
7;93;93150;LE BLANC-MESNIL;57664
8;93;93000;BOBIGNY;54528
10;93;93140;BONDY;54746
13;93;93350;LE BOURGET;15948
15;93;93470;COUBRON;4963
27;93;93120;LA COURNEUVE;45181
29;93;93700;DRANCY;72658
30;93;93440;DUGNY;11113
32;93;93220;GAGNY;39860
45;93;93260;LES LILAS;23575
46;93;93190;LIVRY-GARGAN;45908
47;93;93370;MONTFERMEIL;28058
49;93;93360;NEUILLY-PLAISANCE;21007
50;93;93330;NEUILLY-SUR-MARNE;36028
51;93;93160;NOISY-LE-GRAND;68256
53;93;93130;NOISY-LE-SEC;44591
55;93;93500;PANTIN;60027
57;93;93320;LES PAVILLONS-SOUS-BOIS;23995
59;93;93380;PIERREFITTE-SUR-SEINE;30908
62;93;93340;LE RAINCY;14767
63;93;93230;ROMAINVILLE;30171
64;93;93110;ROSNY-SOUS-BOIS;46198
70;93;93400;SAINT-OUEN-SUR-SEINE;50826
71;93;93270;SEVRAN;51907
72;93;93240;STAINS;38361
73;93;93290;TREMBLAY-EN-FRANCE;36624
74;93;93410;VAUJOURS;7270
77;93;93250;VILLEMOMBLE;30590
79;93;93430;VILLETANEUSE;13656
1;94;94480;ABLON-SUR-SEINE;5879
2;94;94140;ALFORTVILLE;44966
3;94;94110;ARCUEIL;21910
11;94;94380;BONNEUIL-SUR-MARNE;18134
15;94;94360;BRY-SUR-MARNE;17723
16;94;94230;CACHAN;30714
17;94;94500;CHAMPIGNY-SUR-MARNE;77334
18;94;94220;CHARENTON-LE-PONT;30086
21;94;94550;CHEVILLY-LARUE;20057
22;94;94600;CHOISY-LE-ROI;46359
33;94;94120;FONTENAY-SOUS-BOIS;52427
37;94;94250;GENTILLY;18921
41;94;94200;IVRY-SUR-SEINE;63998
42;94;94340;JOINVILLE-LE-PONT;19807
46;94;94700;MAISONS-ALFORT;56774
47;94;94520;MANDRES-LES-ROSES;4825
52;94;94130;NOGENT-SUR-MARNE;34278
53;94;94880;NOISEAU;4649
54;94;94310;ORLY;24805
55;94;94490;ORMESSON-SUR-MARNE;10510
58;94;94170;LE PERREUX-SUR-MARNE;33891
60;94;94510;LA QUEUE-EN-BRIE;12184
65;94;94150;RUNGIS;5724
70;94;94440;SANTENY;4075
71;94;94370;SUCY-EN-BRIE;27415
73;94;94320;THIAIS;30910
74;94;94460;VALENTON;14934
75;94;94440;VILLECRESNES;11844
76;94;94800;VILLEJUIF;55451
77;94;94290;VILLENEUVE-LE-ROI;21775
78;94;94190;VILLENEUVE-SAINT-GEORGES;34992
79;94;94350;VILLIERS-SUR-MARNE;29014
80;94;94300;VINCENNES;50230
81;94;94400;VITRY-SUR-SEINE;95969
18;95;95100;ARGENTEUIL;111595
19;95;95400;ARNOUVILLE;14335
39;95;95430;AUVERS-SUR-OISE;6915
42;95;95560;BAILLET-EN-FRANCE;1914
51;95;95250;BEAUCHAMP;8781
52;95;95260;BEAUMONT-SUR-OISE;9607
56;95;95270;BELLOY-EN-FRANCE;2212
60;95;95550;BESSANCOURT;7939
63;95;95870;BEZONS;31795
78;95;95650;BOISSY-L'AILLERIE;1875
88;95;95500;BONNEUIL-EN-FRANCE;1131
127;95;95800;CERGY;66429
142;95;95750;CHARS;2063
149;95;95270;CHAUMONTEL;3295
176;95;95240;CORMEILLES-EN-PARISIS;25620
177;95;95830;CORMEILLES-EN-VEXIN;1347
183;95;95800;COURDIMANCHE;6820
199;95;95330;DOMONT;15698
203;95;95600;EAUBONNE;25653
205;95;95440;ECOUEN;7169
219;95;95120;ERMONT;29183
229;95;95460;EZANVILLE;9712
241;95;95190;FONTENAY-EN-PARISIS;2023
250;95;95470;FOSSES;9852
257;95;95530;LA FRETTE-SUR-SEINE;4742
270;95;95420;GENAINVILLE;560
277;95;95500;GONESSE;26228
288;95;95410;GROSLAY;8561
306;95;95220;HERBLAY-SUR-SEINE;31545
313;95;95290;L'ISLE-ADAM;12279
323;95;95280;JOUY-LE-MOUTIER;16873
328;95;95690;LABBEVILLE;650
351;95;95380;LOUVRES;11120
352;95;95270;LUZARCHES;4812
353;95;95560;MAFFLIERS;1851
355;95;95420;MAGNY-EN-VEXIN;5904
369;95;95580;MARGENCY;2896
370;95;95640;MARINES;3498
388;95;95180;MENUCOURT;5955
409;95;95570;MOISSELLES;1290
426;95;95680;MONTLIGNON;3012
427;95;95360;MONTMAGNY;14588
428;95;95160;MONTMORENCY;21975
430;95;95560;MONTSOULT;3668
476;95;95520;OSNY;17685
480;95;95620;PARMAIN;5701
487;95;95340;PERSAN;13788
488;95;95480;PIERRELAYE;9462
500;95;95300;PONTOISE;32891
509;95;95380;PUISEUX-EN-FRANCE;3595
523;95;95780;LA ROCHE-GUYON;516
527;95;95700;ROISSY-EN-FRANCE;2859
580;95;95470;SAINT-WITZ;2483
582;95;95110;SANNOIS;26901
585;95;95200;SARCELLES;59448
594;95;95270;SEUGY;1039
604;95;95470;SURVILLIERS;4238
607;95;95150;TAVERNY;27062
612;95;95500;LE THILLAY;4588
628;95;95760;VALMONDOIS;1238
652;95;95270;VIARMES;5267
675;95;95380;VILLERON;1520
678;95;95840;VILLIERS-ADAM;872
680;95;95400;VILLIERS-LE-BEL;28540
207;972;97224;DUCOS;17942
213;972;97232;LE LAMENTIN;40685
302;973;97300;CAYENNE;65878
304;973;97310;KOUROU;25148
307;973;97351;MATOURY;33696
408;974;97419;LA POSSESSION;33405
413;974;97424;SAINT-LEU;35062
